{
    "objects": [
        {
            "Name": "Game_Clear",
            "Archetype": "NewObject",
            "Transform_Component": {
                "translation": [
                    0.0,
                    0.0
                ],
                "rotation": 0.0,
                "scale": [
                    800.0,
                    500.0
                ],
                "depth": 0.5
            },
            "Graphics_Component": {
                "drawspace": "Hud",
                "texture": "Textures/clear_indicator.png"
            },
            "Physics_Component": {},
            "ComponentsToBeAdded": [
            ]
        }
    ]
}