{
    "objects": [
        {
            "Name": "selector_1",
            "Archetype": "NewObject",
            "Transform_Component": {
                "translation": [
                    -120.0,
                    256.0
                ],
                "rotation": 0.0,
                "scale": [
                    100.0,
                    100.0
                ],
                "depth": 0.5
            },
            "Graphics_Component": {
                "drawspace": "Hud",
                "texture": "Textures/selector_1.png"
            },
            "Physics_Component": {}
            
        },
        {
            "Name": "selector_2",
            "Archetype": "NewObject",
            "Transform_Component": {
                "translation": [
                    120.0,
                    256.0
                ],
                "rotation": 0.0,
                "scale": [
                    100.0,
                    100.0
                ],
                "depth": 0.5
            },
            "Graphics_Component": {
                "drawspace": "Hud",
                "texture": "Textures/selector_2.png"
            },
            "Physics_Component": {}
            
        },
        {
            "Name": "logo",
            "Archetype": "NewObject",
            "Transform_Component": {
                "translation": [
                    0.0,
                    0.0
                ],
                "rotation": 0.0,
                "scale": [
                    800.0,
                    300.0
                ],
                "depth": 0.5
            },
            "Graphics_Component": {
                "drawspace": "Hud",
                "texture": "Textures/logo.png"
            },
            "Physics_Component": {}
            
        },
        {
            "Name": "how_to_pick",
            "Archetype": "NewObject",
            "Transform_Component": {
                "translation": [
                    0.0,
                    -350.0
                ],
                "rotation": 0.0,
                "scale": [
                    700.0,
                    60.0
                ],
                "depth": 0.5
            },
            "Graphics_Component": {
                "drawspace": "Hud",
                "texture": "Textures/select_instruct.png"
            },
            "Physics_Component": {}
            
        },
        {
            "Name": "Start_Button",
            "Archetype": "NewObject",
            "Transform_Component": {
                "translation": [
                    0.0,
                    256.0
                ],
                "rotation": 0.0,
                "scale": [
                    300.0,
                    100.0
                ],
                "depth": 0.5
            },
            "Graphics_Component": {
                "drawspace": "Hud",
                "texture": "Textures/Start.png"
            },
            "Physics_Component": {}
            
        },
        {
            "Name": "Quit_Button",
            "Archetype": "NewObject",
            "Transform_Component": {
                "translation": [
                    -400.0,
                    -216.0
                ],
                "rotation": 0.0,
                "scale": [
                    300.0,
                    100.0
                ],
                "depth": 0.5
            },
            "Graphics_Component": {
                "drawspace": "Hud",
                "texture": "Textures/Quit.png"
            },
            "Physics_Component": {}
        },
        {
            "Name": "Credit_Button",
            "Archetype": "NewObject",
            "Transform_Component": {
                "translation": [
                    400.0,
                    -216.0
                ],
                "rotation": 0.0,
                "scale": [
                    300.0,
                    100.0
                ],
                "depth": 0.5
            },
            "Graphics_Component": {
                "drawspace": "Hud",
                "texture": "Textures/Credits.png"
            },
            "Physics_Component": {}
        }
    ]
}