{
    "objects": [
        {
            "Name": "object27",
            "Archetype": "NewObject",
            "Transform_Component": {
                "translation": [
                    -135.0,
                    132.5
                ],
                "rotation": 0.0,
                "scale": [
                    100.0,
                    100.0
                ],
                "depth": 0.5
            },
            "Graphics_Component": {
                "drawspace": "World",
                "texture": "Textures/Invisible.png"
            },
            "Physics_Component": {},
            "ComponentsToBeAdded": [
                "EnemyGenerator_Component"
            ],
            "EnemyGenerator_Component": {
                "# of Waves": 10,
                "Randomize Wave #0": 0,
                "Enemy Count #0": 2,
                "Gentimer #0": 1.5,
                "Time till Next Wave #0": 3.0,
                "Color #0-0": 1,
                "Shape #0-0": 1,
                "Color #0-1": 1,
                "Shape #0-1": 1,
                "Randomize Wave #1": 0,
                "Enemy Count #1": 4,
                "Gentimer #1": 1.5,
                "Time till Next Wave #1": 8.0,
                "Color #1-0": 2,
                "Shape #1-0": 1,
                "Color #1-1": 2,
                "Shape #1-1": 1,
                "Color #1-2": 2,
                "Shape #1-2": 1,
                "Color #1-3": 2,
                "Shape #1-3": 1,
                "Randomize Wave #2": 0,
                "Enemy Count #2": 5,
                "Gentimer #2": 1.5,
                "Time till Next Wave #2": 5.0,
                "Color #2-0": 1,
                "Shape #2-0": 2,
                "Color #2-1": 1,
                "Shape #2-1": 2,
                "Color #2-2": 1,
                "Shape #2-2": 2,
                "Randomize Wave #3": 0,
                "Enemy Count #3": 6,
                "Gentimer #3": 1.5,
                "Time till Next Wave #3": 7.0,
                "Color #3-0": 0,
                "Shape #3-0": 2,
                "Color #3-1": 0,
                "Shape #3-1": 2,
                "Color #3-2": 0,
                "Shape #3-2": 2,
                "Color #3-3": 0,
                "Shape #3-3": 2,
                "Color #3-4": 0,
                "Shape #3-4": 2,
                "Color #3-5": 0,
                "Shape #3-5": 2,
                "Randomize Wave #4": 0,
                "Enemy Count #4": 4,
                "Gentimer #4": 1.0,
                "Time till Next Wave #4": 6.0,
                "Color #4-0": 1,
                "Shape #4-0": 3,
                "Color #4-1": 2,
                "Shape #4-1": 3,
                "Color #4-2": 1,
                "Shape #4-2": 3,
                "Color #4-3": 2,
                "Shape #4-3": 3,
                "Randomize Wave #5": 0,
                "Enemy Count #5": 8,
                "Gentimer #5": 1.5,
                "Time till Next Wave #5": 10.0,
                "Color #5-0": 0,
                "Shape #5-0": 3,
                "Color #5-1": 0,
                "Shape #5-1": 3,
                "Color #5-2": 0,
                "Shape #5-2": 3,
                "Color #5-3": 0,
                "Shape #5-3": 3,
                "Color #5-4": 0,
                "Shape #5-4": 3,
                "Color #5-5": 0,
                "Shape #5-5": 3,
                "Color #5-6": 0,
                "Shape #5-6": 3,
                "Color #5-7": 0,
                "Shape #5-7": 3,
                "Randomize Wave #6": 0,
                "Enemy Count #6": 15,
                "Gentimer #6": 1.5,
                "Time till Next Wave #6": 10.0,
                "Color #6-0": 0,
                "Shape #6-0": 1,
                "Color #6-1": 0,
                "Shape #6-1": 1,
                "Color #6-2": 0,
                "Shape #6-2": 1,
                "Color #6-3": 0,
                "Shape #6-3": 1,
                "Color #6-4": 0,
                "Shape #6-4": 2,
                "Color #6-5": 0,
                "Shape #6-5": 2,
                "Color #6-6": 0,
                "Shape #6-6": 2,
                "Color #6-7": 0,
                "Shape #6-7": 2,
                "Color #6-8": 0,
                "Shape #6-8": 2,
                "Color #6-9": 0,
                "Shape #6-9": 3,
                "Color #6-10": 0,
                "Shape #6-10": 3,
                "Color #6-11": 0,
                "Shape #6-11": 3,
                "Color #6-12": 0,
                "Shape #6-12": 3,
                "Color #6-13": 0,
                "Shape #6-13": 3,
                "Color #6-14": 0,
                "Shape #6-14": 3,
                "Randomize Wave #7": 1,
                "Enemy Count #7": 17,
                "Gentimer #7": 1.5,
                "Time till Next Wave #7": 9.0,
                "Randomize Wave #8": 1,
                "Enemy Count #8": 19,
                "Gentimer #8": 1.5,
                "Time till Next Wave #8": 0.0
            }
        },
        {
            "Name": "Player",
            "Archetype": "Player",
            "Transform_Component": {
                "translation": [
                    429.0,
                    62.5
                ],
                "rotation": 0.0,
                "scale": [
                    100.0,
                    100.0
                ],
                "depth": 0.5
            },
            "Graphics_Component": {
                "drawspace": "World",
                "texture": "Textures/Black_Arrow.png"
            },
            "Physics_Component": {},
            "ComponentsToBeAdded": [
                "Player_Component",
                "SphereCollider_Component"
            ],
            "Player_Component": {
                "invincibility": 0.004999999888241291,
                "speed": 400.0,
                "invincible_mode": "",
                "hp": 3,
                "Pistol_Speed": 1000.0,
                "Pistol_Bullet_Size": [
                    40.0,
                    20.0
                ],
                "Pistol_Damage": 1,
                "Pistol_Duration": 2.0,
                "Shotgun_Speed": 1000.0,
                "Shotgun_Bullet_Size": [
                    40.0,
                    20.0
                ],
                "Shotgun_Damage": 1,
                "Shotgun_Duration": 2.0,
                "Shotgun_Angle": 0.5,
                "Shotgun_Bullet_Number": 20,
                "Gatling_Speed": 1000.0,
                "Gatling_Bullet_Size": [
                    40.0,
                    20.0
                ],
                "Gatling_Damage": 1,
                "Gatling_Duration": 2.0,
                "Gatling_Bullet_Number": 3,
                "Gatling_Distance_Between_Bullets": 100.0,
                "Dieing_Time": 3.0,
                "Dieing_Rotation_Radian": -431602080.0,
                "Dieing_Reducing_Scale": 0.9900000095367432
            },
            "SphereCollider_Component": {}
        }
    ]
}