language,primary contributor DP ID,filename,blank,comment,code,"http://cloc.sourceforge.net v 1.60  T=0.12 s (165.2 files/s, 39879.3 lines/s)"
C++,g.lee,game_play_level.cpp,140,88,765,
C++,c.hwang,tutorial.cpp,106,37,553,
C++,g.lee,player.cpp,87,31,523,
C++,g.lee,main_menu.cpp,81,26,425,
C++,g.lee,upgrade_level.cpp,39,16,213,
C++,g.lee,enemy.cpp,32,28,202,
C++,g.lee,splash_screen.cpp,41,25,158,
C++,c.hwang,object_manager.cpp,17,34,156,
C++,g.lee,level_info.cpp,8,2,90,
C++,c.hwang,advanced_enemy.cpp,9,0,87,
C++,c.hwang,ui.cpp,12,3,72,
C++,g.lee,particle.cpp,12,12,70,
C++,g.lee,ending.cpp,11,0,55,
C++,g.lee,bullet.cpp,8,19,55,
C++,g.lee,camera.cpp,3,0,21,
C++,g.lee,time_manager.cpp,3,0,18,
C++,g.lee,fmod_general.cpp,7,12,15,
C++,g.lee,tile_info.cpp,1,0,13,