{
  "Name": "DMG_Item",
  "Archetype": "DMG_Item",
  "Transform_Component": {
    "translation": [
      5.0,
      96.5
    ],
    "rotation": 3.565535068511963,
    "scale": [
      100.0,
      100.0
    ],
    "depth": 0.5
  },
  "Graphics_Component": {
    "drawspace": "World",
    "texture": "Textures//DMG_Item.png"
  },
  "Physics_Component": {},
  "ComponentsToBeAdded": [
    "Item_Component",
    "SphereCollider_Component"
  ],
  "Item_Component": {
    "Item_Name": "DMG",
    "Increased_dmg": 1,
    "Increased_barrel": 0,
    "Increased_hp": 0,
    "Increased_lifetime": 0.0,
    "Increased_speed": 0.0,
    "decreased_delay": 1.0
  }
}