{
  "Name": "HP_Item",
  "Archetype": "HP_Item",
  "Transform_Component": {
    "translation": [
      150.0,
      -66.5
    ],
    "rotation": 5.399776458740234,
    "scale": [
      100.0,
      100.0
    ],
    "depth": 0.5
  },
  "Graphics_Component": {
    "drawspace": "World",
    "texture": "Textures//HP_Item.png"
  },
  "Physics_Component": {},
  "ComponentsToBeAdded": [
    "Item_Component",
    "SphereCollider_Component"
  ],
  "Item_Component": {
    "Item_Name": "HP",
    "Increased_dmg": 0,
    "Increased_barrel": 0,
    "Increased_hp": 1,
    "Increased_lifetime": 0.0,
    "Increased_speed": 0.0,
    "decreased_delay": 1.0
  }
}